Image_ID,Root_Rot_Severity,Soil_Moisture_Percent,Root_Zone_Temp_C,Substrate_EC_mS_cm,Substrate_pH,Days_Since_Planting
plant_0000_severity_1.jpg,1,65.43,22.38,1.8,5.83,8
plant_0001_severity_1.jpg,1,63.64,24.28,0.81,5.74,6
plant_0002_severity_2.jpg,2,81.4,20.26,1.17,4.71,23
plant_0003_severity_1.jpg,1,59.88,22.59,1.56,5.76,7
plant_0004_severity_2.jpg,2,83.93,21.82,1.84,5.5,12
plant_0005_severity_0.jpg,0,58.47,22.0,1.24,6.57,3
plant_0006_severity_1.jpg,1,70.21,25.34,1.48,6.23,7
plant_0007_severity_3.jpg,3,64.95,22.51,2.58,6.25,35
plant_0008_severity_2.jpg,2,65.43,25.6,0.91,5.09,15
plant_0009_severity_0.jpg,0,48.25,17.02,1.62,6.6,3
plant_0010_severity_3.jpg,3,90.35,24.45,2.35,6.2,34
plant_0011_severity_0.jpg,0,45.75,19.29,1.74,6.87,8
plant_0012_severity_3.jpg,3,72.94,26.44,2.14,4.42,35
plant_0013_severity_3.jpg,3,71.41,22.35,2.89,4.8,15
plant_0014_severity_0.jpg,0,52.72,17.08,2.08,7.34,1
plant_0015_severity_0.jpg,0,62.65,24.74,2.18,7.18,7
plant_0016_severity_0.jpg,0,55.66,21.48,2.0,6.46,4
plant_0017_severity_1.jpg,1,67.52,21.77,0.9,5.82,9
plant_0018_severity_2.jpg,2,70.16,22.47,1.36,6.75,14
plant_0019_severity_0.jpg,0,62.26,22.12,1.43,6.47,10
plant_0020_severity_0.jpg,0,53.79,19.61,2.28,7.5,2
plant_0021_severity_2.jpg,2,84.99,25.08,1.44,5.87,18
plant_0022_severity_3.jpg,3,76.51,24.92,2.05,4.19,11
plant_0023_severity_1.jpg,1,57.09,23.26,1.77,6.09,9
plant_0024_severity_1.jpg,1,74.1,20.82,2.11,5.65,9
plant_0025_severity_3.jpg,3,88.95,21.25,2.86,5.0,30
plant_0026_severity_0.jpg,0,54.49,20.98,2.12,6.69,5
plant_0027_severity_2.jpg,2,70.74,22.74,1.18,5.09,17
plant_0028_severity_1.jpg,1,66.23,22.55,1.32,5.97,11
plant_0029_severity_0.jpg,0,55.19,22.1,1.46,6.46,4
plant_0030_severity_2.jpg,2,74.49,22.48,1.07,4.58,16
plant_0031_severity_3.jpg,3,91.75,23.99,3.22,4.49,17
plant_0032_severity_1.jpg,1,78.72,21.37,1.33,4.88,9
plant_0033_severity_0.jpg,0,66.97,20.6,1.39,6.22,8
plant_0034_severity_3.jpg,3,65.6,24.66,2.47,4.96,16
plant_0035_severity_0.jpg,0,55.2,14.16,1.9,5.94,6
plant_0036_severity_0.jpg,0,58.07,16.11,1.7,6.11,2
plant_0037_severity_1.jpg,1,71.51,21.11,1.5,5.83,11
plant_0038_severity_1.jpg,1,61.73,20.62,1.67,5.63,7
plant_0039_severity_3.jpg,3,88.96,25.88,2.4,5.52,35
plant_0040_severity_1.jpg,1,56.97,18.72,1.29,6.24,6
plant_0041_severity_2.jpg,2,91.85,21.18,1.31,4.0,18
plant_0042_severity_2.jpg,2,76.56,19.03,0.5,5.9,21
plant_0043_severity_2.jpg,2,66.72,21.45,1.16,4.36,13
plant_0044_severity_3.jpg,3,80.94,22.38,1.73,4.52,26
plant_0045_severity_0.jpg,0,55.64,23.84,2.05,5.65,5
plant_0046_severity_0.jpg,0,51.25,19.39,1.86,6.76,8
plant_0047_severity_2.jpg,2,61.35,20.77,1.06,5.16,18
plant_0048_severity_1.jpg,1,69.2,22.32,1.44,6.57,9
plant_0049_severity_2.jpg,2,54.96,22.35,0.68,6.02,19
plant_0050_severity_0.jpg,0,55.15,18.91,2.06,6.91,8
plant_0051_severity_0.jpg,0,43.67,20.16,2.06,6.35,6
plant_0052_severity_3.jpg,3,73.29,22.64,2.19,5.4,35
plant_0053_severity_0.jpg,0,55.62,19.22,1.58,6.84,5
plant_0054_severity_2.jpg,2,62.57,26.85,1.31,5.05,14
plant_0055_severity_1.jpg,1,62.81,23.85,1.97,6.28,6
plant_0056_severity_2.jpg,2,76.45,26.68,0.5,5.07,6
plant_0057_severity_2.jpg,2,68.44,20.1,0.85,6.37,12
plant_0058_severity_1.jpg,1,79.94,21.07,1.31,6.81,7
plant_0059_severity_0.jpg,0,56.05,21.86,2.19,6.45,6
plant_0060_severity_0.jpg,0,63.41,21.94,1.46,6.55,5
plant_0061_severity_1.jpg,1,60.81,23.28,1.32,5.81,6
plant_0062_severity_2.jpg,2,69.77,19.75,1.79,6.13,15
plant_0063_severity_0.jpg,0,57.88,20.71,1.65,5.95,1
plant_0064_severity_2.jpg,2,76.95,27.47,0.96,6.39,9
plant_0065_severity_0.jpg,0,51.66,21.13,2.15,7.28,1
plant_0066_severity_1.jpg,1,68.62,21.12,2.79,6.81,3
plant_0067_severity_1.jpg,1,72.07,24.9,1.58,5.1,12
plant_0068_severity_0.jpg,0,63.31,15.92,1.53,6.01,8
plant_0069_severity_2.jpg,2,75.97,21.37,1.3,4.85,10
plant_0070_severity_3.jpg,3,81.5,22.31,2.05,4.76,32
plant_0071_severity_2.jpg,2,72.43,22.04,1.2,5.48,1
plant_0072_severity_0.jpg,0,49.15,18.98,1.61,5.52,6
plant_0073_severity_2.jpg,2,84.78,29.52,1.47,6.34,10
plant_0074_severity_2.jpg,2,76.76,26.25,1.24,5.15,14
plant_0075_severity_0.jpg,0,49.54,15.36,1.59,5.78,5
plant_0076_severity_0.jpg,0,54.67,21.43,1.78,6.33,4
plant_0077_severity_2.jpg,2,67.62,23.22,1.24,5.52,12
plant_0078_severity_3.jpg,3,96.35,24.36,2.17,4.64,20
plant_0079_severity_1.jpg,1,78.97,25.6,0.9,5.67,8
plant_0080_severity_0.jpg,0,58.95,21.12,1.93,5.35,3
plant_0081_severity_3.jpg,3,78.16,27.44,2.52,5.67,21
plant_0082_severity_3.jpg,3,83.92,20.65,2.07,5.22,14
plant_0083_severity_2.jpg,2,82.27,24.24,1.62,5.69,18
plant_0084_severity_2.jpg,2,84.59,24.25,1.5,6.73,11
plant_0085_severity_3.jpg,3,65.42,23.85,1.98,4.26,25
plant_0086_severity_3.jpg,3,71.59,26.75,1.51,4.0,29
plant_0087_severity_1.jpg,1,61.29,20.75,1.45,6.7,11
plant_0088_severity_2.jpg,2,65.48,23.13,1.23,6.06,16
plant_0089_severity_2.jpg,2,69.86,21.57,1.28,6.85,16
plant_0090_severity_3.jpg,3,74.08,23.23,2.93,4.59,16
plant_0091_severity_2.jpg,2,78.99,23.49,1.29,4.93,8
plant_0092_severity_2.jpg,2,67.53,22.72,1.62,5.61,27
plant_0093_severity_3.jpg,3,81.25,26.84,2.96,7.17,26
plant_0094_severity_2.jpg,2,78.34,25.34,1.4,6.83,19
plant_0095_severity_3.jpg,3,94.68,26.6,2.4,5.6,34
plant_0096_severity_1.jpg,1,55.06,24.85,2.0,5.77,3
plant_0097_severity_1.jpg,1,77.04,23.06,0.93,5.93,10
plant_0098_severity_3.jpg,3,76.92,25.09,2.41,5.7,23
plant_0099_severity_0.jpg,0,51.82,20.02,1.18,6.05,4
plant_0100_severity_2.jpg,2,82.79,20.9,0.68,6.0,23
plant_0101_severity_3.jpg,3,79.42,25.24,1.45,4.23,30
plant_0102_severity_2.jpg,2,77.99,22.57,0.94,6.06,17
plant_0103_severity_0.jpg,0,57.71,22.16,1.48,6.12,4
plant_0104_severity_3.jpg,3,73.31,22.83,3.05,4.37,25
plant_0105_severity_3.jpg,3,96.48,22.23,1.47,5.29,11
plant_0106_severity_1.jpg,1,56.9,22.49,1.64,6.04,7
plant_0107_severity_0.jpg,0,55.18,17.03,1.81,6.76,2
plant_0108_severity_3.jpg,3,88.87,26.07,1.63,5.35,21
plant_0109_severity_2.jpg,2,70.94,21.88,1.74,4.04,11
plant_0110_severity_3.jpg,3,68.59,22.98,3.15,4.59,13
plant_0111_severity_2.jpg,2,75.53,21.24,1.24,5.08,15
plant_0112_severity_0.jpg,0,62.42,17.99,2.15,6.22,11
plant_0113_severity_1.jpg,1,49.65,23.31,1.28,6.28,6
plant_0114_severity_2.jpg,2,62.7,20.05,0.98,4.18,23
plant_0115_severity_2.jpg,2,68.07,25.27,1.6,5.48,25
plant_0116_severity_2.jpg,2,75.2,20.2,1.44,5.36,10
plant_0117_severity_1.jpg,1,71.08,22.25,1.83,5.37,1
plant_0118_severity_3.jpg,3,90.06,24.69,1.81,5.66,35
plant_0119_severity_3.jpg,3,83.27,22.26,2.88,4.0,19
plant_0120_severity_0.jpg,0,52.69,16.89,1.38,6.44,6
plant_0121_severity_3.jpg,3,87.11,25.12,2.32,5.8,19
plant_0122_severity_2.jpg,2,74.37,24.94,2.02,6.16,25
plant_0123_severity_2.jpg,2,79.74,24.19,1.07,5.8,11
plant_0124_severity_1.jpg,1,59.55,20.61,0.51,5.54,2
plant_0125_severity_0.jpg,0,47.67,15.3,1.62,6.6,5
plant_0126_severity_0.jpg,0,51.62,18.4,1.98,6.08,3
plant_0127_severity_3.jpg,3,88.08,22.82,2.59,6.07,28
plant_0128_severity_3.jpg,3,99.0,20.3,2.42,5.03,28
plant_0129_severity_1.jpg,1,59.46,18.36,2.12,5.48,6
plant_0130_severity_3.jpg,3,81.3,25.6,2.37,5.23,35
plant_0131_severity_3.jpg,3,87.72,26.13,2.71,4.76,16
plant_0132_severity_1.jpg,1,66.08,20.14,1.93,5.03,2
plant_0133_severity_1.jpg,1,69.04,18.42,1.24,6.28,6
plant_0134_severity_1.jpg,1,61.48,22.86,2.38,5.4,7
plant_0135_severity_2.jpg,2,80.63,23.1,0.97,6.72,17
plant_0136_severity_2.jpg,2,66.54,19.83,1.16,4.52,11
plant_0137_severity_3.jpg,3,67.67,23.84,2.56,5.33,22
plant_0138_severity_0.jpg,0,57.5,20.46,1.63,6.79,5
plant_0139_severity_3.jpg,3,85.96,25.95,3.26,5.3,35
plant_0140_severity_2.jpg,2,85.23,22.17,1.33,5.85,15
plant_0141_severity_1.jpg,1,58.84,24.21,1.52,6.31,7
plant_0142_severity_0.jpg,0,52.39,19.15,2.09,7.13,1
plant_0143_severity_0.jpg,0,50.69,23.14,1.8,6.55,5
plant_0144_severity_0.jpg,0,50.9,24.22,2.23,7.24,1
plant_0145_severity_2.jpg,2,70.71,23.84,1.07,4.23,21
plant_0146_severity_0.jpg,0,61.09,19.04,2.17,6.37,5
plant_0147_severity_3.jpg,3,86.98,23.47,2.65,4.79,21
plant_0148_severity_3.jpg,3,69.14,23.76,3.11,5.78,28
plant_0149_severity_3.jpg,3,70.32,23.78,2.72,6.73,17
plant_0150_severity_0.jpg,0,55.04,17.57,2.02,6.5,5
plant_0151_severity_2.jpg,2,58.45,23.12,0.92,5.55,18
plant_0152_severity_2.jpg,2,79.39,21.7,1.16,5.01,21
plant_0153_severity_1.jpg,1,57.5,25.4,0.82,5.99,6
plant_0154_severity_0.jpg,0,53.78,18.54,1.78,6.48,1
plant_0155_severity_2.jpg,2,77.18,20.94,1.58,7.02,7
plant_0156_severity_3.jpg,3,77.12,27.4,2.28,4.7,23
plant_0157_severity_2.jpg,2,75.19,25.68,1.18,5.54,5
plant_0158_severity_3.jpg,3,66.29,24.51,3.02,5.29,21
plant_0159_severity_1.jpg,1,63.13,24.08,1.48,5.17,9
plant_0160_severity_1.jpg,1,58.04,22.48,1.48,5.71,9
plant_0161_severity_2.jpg,2,59.25,24.26,1.79,4.68,13
plant_0162_severity_1.jpg,1,68.27,18.36,1.6,5.84,3
plant_0163_severity_0.jpg,0,60.26,17.75,2.12,5.92,2
plant_0164_severity_2.jpg,2,84.84,25.64,1.15,5.29,21
plant_0165_severity_3.jpg,3,84.81,23.44,2.46,4.99,26
plant_0166_severity_3.jpg,3,62.95,23.87,2.52,4.12,31
plant_0167_severity_2.jpg,2,82.78,23.22,1.83,4.72,19
plant_0168_severity_1.jpg,1,63.47,25.3,1.41,5.68,12
plant_0169_severity_1.jpg,1,76.5,22.8,1.57,5.86,10
plant_0170_severity_2.jpg,2,72.35,26.85,0.8,5.34,13
plant_0171_severity_2.jpg,2,68.37,21.13,1.76,6.15,7
plant_0172_severity_1.jpg,1,56.47,24.38,2.1,6.03,13
plant_0173_severity_2.jpg,2,71.54,19.29,1.0,6.37,12
plant_0174_severity_0.jpg,0,53.64,25.41,1.81,6.42,9
plant_0175_severity_3.jpg,3,83.67,23.2,1.49,5.65,34
plant_0176_severity_1.jpg,1,72.87,20.4,1.22,6.66,11
plant_0177_severity_0.jpg,0,47.74,18.13,1.86,6.93,2
plant_0178_severity_0.jpg,0,56.21,23.26,1.73,5.66,4
plant_0179_severity_2.jpg,2,74.54,24.17,0.72,5.54,7
plant_0180_severity_3.jpg,3,84.69,24.78,2.33,4.0,31
plant_0181_severity_1.jpg,1,69.87,24.19,1.64,6.8,10
plant_0182_severity_1.jpg,1,64.58,23.48,2.09,6.18,6
plant_0183_severity_0.jpg,0,64.67,16.36,1.81,6.57,6
plant_0184_severity_0.jpg,0,63.45,20.42,1.8,6.95,1
plant_0185_severity_2.jpg,2,83.0,24.7,1.25,5.58,8
plant_0186_severity_3.jpg,3,89.96,24.4,1.55,4.83,28
plant_0187_severity_2.jpg,2,82.11,21.85,0.84,6.55,11
plant_0188_severity_0.jpg,0,54.38,22.47,1.48,6.86,6
plant_0189_severity_3.jpg,3,80.96,24.02,2.97,5.14,23
plant_0190_severity_2.jpg,2,67.17,18.2,0.55,6.08,19
plant_0191_severity_0.jpg,0,51.49,19.82,1.63,6.44,1
plant_0192_severity_2.jpg,2,83.01,25.2,1.04,5.1,11
plant_0193_severity_0.jpg,0,51.09,21.74,1.71,6.56,5
plant_0194_severity_0.jpg,0,52.36,17.15,1.3,6.65,8
plant_0195_severity_2.jpg,2,83.95,18.5,1.77,5.82,9
plant_0196_severity_0.jpg,0,59.94,19.0,1.92,6.42,9
plant_0197_severity_2.jpg,2,75.41,22.17,1.35,5.39,13
plant_0198_severity_2.jpg,2,72.98,23.76,0.96,4.6,16
plant_0199_severity_0.jpg,0,49.33,13.32,1.26,6.25,6
plant_0200_severity_2.jpg,2,82.81,22.48,1.52,5.41,15
plant_0201_severity_2.jpg,2,67.0,20.65,1.77,4.87,21
plant_0202_severity_0.jpg,0,53.04,24.01,1.37,5.87,2
plant_0203_severity_3.jpg,3,77.96,25.06,2.19,4.0,10
plant_0204_severity_2.jpg,2,73.14,22.66,1.67,6.42,18
plant_0205_severity_1.jpg,1,67.13,19.87,1.45,4.82,6
plant_0206_severity_2.jpg,2,71.66,26.78,0.71,6.33,3
plant_0207_severity_1.jpg,1,62.46,27.34,1.25,5.96,2
plant_0208_severity_3.jpg,3,87.64,22.36,2.31,4.0,27
plant_0209_severity_3.jpg,3,80.96,23.63,3.08,5.08,25
plant_0210_severity_1.jpg,1,72.33,20.31,1.94,5.3,10
plant_0211_severity_3.jpg,3,99.0,28.2,2.96,4.0,21
plant_0212_severity_0.jpg,0,59.2,18.15,1.82,6.29,10
plant_0213_severity_2.jpg,2,68.71,25.89,1.43,6.18,12
plant_0214_severity_1.jpg,1,72.53,23.67,1.58,5.73,8
plant_0215_severity_3.jpg,3,94.29,26.31,2.49,4.65,26
plant_0216_severity_3.jpg,3,95.53,26.15,2.99,4.3,19
plant_0217_severity_2.jpg,2,65.2,23.87,1.57,5.13,14
plant_0218_severity_3.jpg,3,98.26,24.04,2.16,5.31,27
plant_0219_severity_3.jpg,3,72.74,23.59,2.85,5.14,17
plant_0220_severity_2.jpg,2,73.04,23.21,1.39,5.1,10
plant_0221_severity_2.jpg,2,70.05,22.16,1.28,5.14,15
plant_0222_severity_0.jpg,0,56.2,17.55,2.06,7.0,2
plant_0223_severity_2.jpg,2,76.64,25.04,1.17,4.2,13
plant_0224_severity_2.jpg,2,73.04,21.44,1.49,5.56,14
plant_0225_severity_2.jpg,2,84.83,24.73,1.73,5.03,15
plant_0226_severity_0.jpg,0,58.18,20.26,2.12,6.97,3
plant_0227_severity_0.jpg,0,54.22,19.81,1.54,6.65,5
plant_0228_severity_0.jpg,0,51.75,19.81,1.76,6.06,1
plant_0229_severity_1.jpg,1,67.84,20.66,2.15,6.09,6
plant_0230_severity_0.jpg,0,46.07,21.81,2.19,7.5,9
plant_0231_severity_0.jpg,0,47.8,26.16,1.64,7.33,1
plant_0232_severity_2.jpg,2,75.39,25.34,2.0,5.81,20
plant_0233_severity_2.jpg,2,77.11,23.31,1.14,5.38,9
plant_0234_severity_0.jpg,0,61.33,25.53,1.62,6.36,6
plant_0235_severity_3.jpg,3,72.66,20.92,1.69,6.49,30
plant_0236_severity_3.jpg,3,90.47,25.27,2.79,4.72,22
plant_0237_severity_3.jpg,3,96.09,21.15,3.22,4.68,18
plant_0238_severity_2.jpg,2,82.84,22.23,1.59,5.71,7
plant_0239_severity_0.jpg,0,64.44,20.18,1.44,7.03,7
plant_0240_severity_0.jpg,0,61.78,21.94,1.88,7.45,2
plant_0241_severity_0.jpg,0,55.36,14.25,2.09,6.71,6
plant_0242_severity_2.jpg,2,81.84,21.05,1.44,5.53,17
plant_0243_severity_2.jpg,2,61.34,26.29,1.03,5.49,14
plant_0244_severity_0.jpg,0,57.52,14.15,1.38,7.17,1
plant_0245_severity_2.jpg,2,76.49,21.59,1.14,5.65,22
plant_0246_severity_0.jpg,0,58.14,19.51,1.86,5.4,2
plant_0247_severity_0.jpg,0,53.26,21.04,1.9,6.66,1
plant_0248_severity_3.jpg,3,73.48,26.31,2.28,5.5,23
plant_0249_severity_0.jpg,0,49.8,19.14,1.6,6.02,5
plant_0250_severity_1.jpg,1,72.03,21.77,1.26,6.21,10
plant_0251_severity_1.jpg,1,66.17,24.09,1.36,5.54,9
plant_0252_severity_2.jpg,2,74.01,24.51,1.46,5.18,14
plant_0253_severity_3.jpg,3,97.84,23.3,2.85,5.81,26
plant_0254_severity_2.jpg,2,95.05,22.8,2.02,4.15,10
plant_0255_severity_1.jpg,1,72.85,20.2,1.34,7.35,8
plant_0256_severity_2.jpg,2,76.96,20.3,1.47,6.8,19
plant_0257_severity_2.jpg,2,76.26,24.68,1.08,5.23,17
plant_0258_severity_0.jpg,0,56.75,24.05,2.02,6.67,7
plant_0259_severity_3.jpg,3,88.85,28.26,2.34,4.04,17
plant_0260_severity_1.jpg,1,71.56,21.74,1.64,6.32,10
plant_0261_severity_1.jpg,1,63.56,24.21,1.01,6.17,8
plant_0262_severity_3.jpg,3,86.88,24.56,3.35,5.38,8
plant_0263_severity_0.jpg,0,54.24,19.87,1.51,6.67,3
plant_0264_severity_2.jpg,2,81.57,22.38,1.65,4.0,15
plant_0265_severity_0.jpg,0,51.7,14.29,1.41,6.78,3
plant_0266_severity_0.jpg,0,50.05,24.93,2.0,6.66,7
plant_0267_severity_0.jpg,0,60.25,15.06,1.77,6.69,1
plant_0268_severity_3.jpg,3,98.01,24.81,3.35,5.42,11
plant_0269_severity_2.jpg,2,86.0,23.88,1.82,6.17,20
plant_0270_severity_0.jpg,0,55.97,18.53,1.44,7.4,3
plant_0271_severity_0.jpg,0,60.26,22.68,1.72,6.46,7
plant_0272_severity_0.jpg,0,51.57,17.49,1.61,5.77,8
plant_0273_severity_1.jpg,1,56.11,18.61,1.68,4.7,9
plant_0274_severity_2.jpg,2,90.92,24.93,0.96,6.02,11
plant_0275_severity_2.jpg,2,91.58,23.45,1.45,6.65,11
plant_0276_severity_2.jpg,2,61.15,23.35,1.32,5.43,15
plant_0277_severity_1.jpg,1,65.39,21.12,1.92,6.53,8
plant_0278_severity_1.jpg,1,60.27,25.35,1.35,5.55,6
plant_0279_severity_3.jpg,3,77.17,21.79,2.84,4.52,33
plant_0280_severity_0.jpg,0,52.79,21.36,1.77,6.32,7
plant_0281_severity_0.jpg,0,64.06,20.43,1.78,6.48,4
plant_0282_severity_0.jpg,0,54.54,19.2,2.16,7.3,1
plant_0283_severity_0.jpg,0,52.27,20.8,2.07,6.93,7
plant_0284_severity_1.jpg,1,67.12,23.88,1.75,6.92,8
plant_0285_severity_0.jpg,0,49.08,24.36,1.83,6.65,8
plant_0286_severity_3.jpg,3,85.13,22.01,2.5,4.63,17
plant_0287_severity_0.jpg,0,45.89,19.27,1.67,6.17,4
plant_0288_severity_0.jpg,0,51.67,21.42,1.49,7.5,1
plant_0289_severity_1.jpg,1,67.57,23.66,0.93,6.26,7
plant_0290_severity_3.jpg,3,84.35,24.02,3.37,4.86,31
plant_0291_severity_2.jpg,2,78.44,19.2,1.0,5.43,5
plant_0292_severity_0.jpg,0,60.78,14.77,1.76,5.79,4
plant_0293_severity_3.jpg,3,93.95,24.64,2.15,5.08,25
plant_0294_severity_1.jpg,1,57.8,21.61,1.51,5.87,4
plant_0295_severity_0.jpg,0,58.3,18.42,1.75,6.9,1
plant_0296_severity_1.jpg,1,74.33,18.93,1.92,6.92,9
plant_0297_severity_2.jpg,2,67.09,21.04,1.8,5.57,19
plant_0298_severity_2.jpg,2,70.06,21.59,1.63,4.33,13
plant_0299_severity_3.jpg,3,97.68,25.39,2.91,4.69,34
plant_0300_severity_3.jpg,3,87.07,22.51,2.12,5.56,26
plant_0301_severity_0.jpg,0,58.39,18.46,1.89,6.59,3
plant_0302_severity_1.jpg,1,68.98,20.58,1.9,6.02,6
plant_0303_severity_2.jpg,2,75.92,24.58,1.05,6.46,18
plant_0304_severity_2.jpg,2,82.69,22.68,0.78,6.34,9
plant_0305_severity_2.jpg,2,40.13,22.19,1.62,6.7,22
plant_0306_severity_2.jpg,2,65.24,20.77,1.63,5.85,17
plant_0307_severity_2.jpg,2,68.89,23.03,1.0,4.26,20
plant_0308_severity_2.jpg,2,68.37,24.15,0.99,5.48,14
plant_0309_severity_3.jpg,3,94.7,21.24,2.03,6.35,27
plant_0310_severity_0.jpg,0,58.9,19.42,1.7,7.2,3
plant_0311_severity_2.jpg,2,78.72,24.04,0.9,5.31,13
plant_0312_severity_0.jpg,0,52.11,19.0,1.24,5.9,1
plant_0313_severity_1.jpg,1,62.78,22.7,1.02,6.57,12
plant_0314_severity_0.jpg,0,51.27,20.11,1.42,6.18,8
plant_0315_severity_2.jpg,2,69.44,18.97,1.49,6.09,11
plant_0316_severity_3.jpg,3,90.55,19.26,2.46,5.29,33
plant_0317_severity_0.jpg,0,46.88,18.66,2.09,6.53,1
plant_0318_severity_0.jpg,0,55.67,14.47,2.75,6.21,6
plant_0319_severity_0.jpg,0,58.02,18.77,1.9,6.81,1
plant_0320_severity_0.jpg,0,47.54,24.22,1.73,6.46,4
plant_0321_severity_2.jpg,2,85.65,23.04,0.59,6.54,17
plant_0322_severity_0.jpg,0,51.37,21.86,1.94,7.41,1
plant_0323_severity_3.jpg,3,69.94,24.82,2.62,4.83,22
plant_0324_severity_1.jpg,1,80.09,22.87,1.55,6.44,8
plant_0325_severity_0.jpg,0,52.59,22.21,1.76,6.96,3
plant_0326_severity_2.jpg,2,71.83,21.94,1.1,5.78,12
plant_0327_severity_2.jpg,2,77.16,19.83,1.31,5.6,12
plant_0328_severity_1.jpg,1,67.31,22.47,1.29,5.27,9
plant_0329_severity_2.jpg,2,68.52,21.21,1.45,6.28,17
plant_0330_severity_3.jpg,3,87.61,27.85,1.72,5.28,16
plant_0331_severity_1.jpg,1,67.42,21.17,1.69,5.87,11
plant_0332_severity_3.jpg,3,83.58,20.21,2.5,4.81,14
plant_0333_severity_1.jpg,1,54.36,26.01,1.62,6.88,9
plant_0334_severity_2.jpg,2,81.7,23.62,1.76,5.84,9
plant_0335_severity_0.jpg,0,54.98,22.31,1.25,6.06,5
plant_0336_severity_0.jpg,0,61.58,22.82,1.63,7.14,3
plant_0337_severity_0.jpg,0,52.01,26.69,1.74,6.3,1
plant_0338_severity_3.jpg,3,99.0,23.46,1.99,4.0,27
plant_0339_severity_2.jpg,2,71.17,24.04,1.26,6.52,5
plant_0340_severity_2.jpg,2,79.06,23.87,1.23,5.79,8
plant_0341_severity_3.jpg,3,87.7,24.99,2.68,4.55,25
plant_0342_severity_0.jpg,0,64.83,20.87,2.26,6.44,7
plant_0343_severity_1.jpg,1,53.73,23.45,1.53,5.4,10
plant_0344_severity_1.jpg,1,70.92,21.07,1.87,6.54,9
plant_0345_severity_1.jpg,1,64.77,21.18,0.98,5.23,7
plant_0346_severity_2.jpg,2,80.32,21.89,1.69,5.24,19
plant_0347_severity_1.jpg,1,40.39,24.49,1.66,6.65,7
plant_0348_severity_1.jpg,1,69.1,21.44,2.03,6.21,8
plant_0349_severity_3.jpg,3,85.12,24.96,2.59,5.43,22
plant_0350_severity_0.jpg,0,54.93,18.45,1.81,6.32,1
plant_0351_severity_3.jpg,3,89.77,25.48,3.39,4.97,35
plant_0352_severity_0.jpg,0,58.65,14.65,1.62,7.12,6
plant_0353_severity_2.jpg,2,72.46,21.77,1.17,4.58,9
plant_0354_severity_1.jpg,1,60.94,22.66,1.73,5.14,6
plant_0355_severity_2.jpg,2,63.09,24.46,1.56,6.16,11
plant_0356_severity_2.jpg,2,75.75,23.49,1.04,5.68,16
plant_0357_severity_1.jpg,1,73.94,21.22,1.37,6.43,12
plant_0358_severity_0.jpg,0,61.11,21.47,1.79,6.52,1
plant_0359_severity_1.jpg,1,64.28,22.32,2.13,5.7,1
plant_0360_severity_0.jpg,0,51.74,21.2,1.44,5.66,3
plant_0361_severity_0.jpg,0,54.97,19.19,1.92,5.81,7
plant_0362_severity_0.jpg,0,64.45,18.8,2.2,6.28,5
plant_0363_severity_2.jpg,2,72.72,22.17,0.88,4.67,16
plant_0364_severity_0.jpg,0,56.73,21.29,1.84,6.77,1
plant_0365_severity_0.jpg,0,60.98,21.28,1.58,5.22,7
plant_0366_severity_3.jpg,3,83.84,22.31,2.2,4.0,21
plant_0367_severity_2.jpg,2,71.7,24.1,1.48,5.73,15
plant_0368_severity_0.jpg,0,58.11,14.6,1.91,6.88,6
plant_0369_severity_0.jpg,0,53.37,18.9,1.76,6.39,6
plant_0370_severity_2.jpg,2,59.34,20.94,1.28,4.33,11
plant_0371_severity_0.jpg,0,52.74,16.95,1.26,6.42,2
plant_0372_severity_3.jpg,3,79.43,24.96,2.75,5.16,23
plant_0373_severity_0.jpg,0,56.91,24.67,2.32,6.75,12
plant_0374_severity_2.jpg,2,62.76,23.64,0.68,5.13,22
plant_0375_severity_0.jpg,0,53.99,21.35,1.84,6.79,5
plant_0376_severity_0.jpg,0,52.07,19.82,2.36,6.45,6
plant_0377_severity_2.jpg,2,77.94,23.28,1.91,5.85,15
plant_0378_severity_3.jpg,3,70.42,25.33,2.23,5.64,26
plant_0379_severity_0.jpg,0,50.1,21.14,1.91,6.94,10
plant_0380_severity_2.jpg,2,84.21,19.46,1.23,4.54,20
plant_0381_severity_1.jpg,1,66.29,23.04,1.73,5.13,5
plant_0382_severity_3.jpg,3,99.0,22.29,2.97,4.99,25
plant_0383_severity_2.jpg,2,55.65,20.8,1.88,5.55,14
plant_0384_severity_3.jpg,3,88.04,23.6,2.1,4.54,16
plant_0385_severity_2.jpg,2,88.17,22.21,1.12,6.0,26
plant_0386_severity_3.jpg,3,76.31,28.91,1.93,4.22,35
plant_0387_severity_1.jpg,1,77.95,21.81,1.55,5.84,5
plant_0388_severity_0.jpg,0,56.34,19.43,1.65,6.32,4
plant_0389_severity_1.jpg,1,67.71,22.71,1.72,6.77,4
plant_0390_severity_2.jpg,2,72.41,22.31,1.52,6.3,18
plant_0391_severity_3.jpg,3,96.18,21.89,2.11,4.64,15
plant_0392_severity_0.jpg,0,58.61,21.65,1.54,6.97,4
plant_0393_severity_1.jpg,1,64.41,20.22,2.11,6.33,6
plant_0394_severity_3.jpg,3,87.57,21.72,2.74,4.0,30
plant_0395_severity_0.jpg,0,53.67,16.38,1.33,7.27,2
plant_0396_severity_0.jpg,0,60.22,18.73,1.76,6.38,5
plant_0397_severity_2.jpg,2,76.53,23.13,1.71,4.91,13
plant_0398_severity_1.jpg,1,60.26,23.44,1.21,7.4,5
plant_0399_severity_3.jpg,3,88.61,26.14,3.07,5.84,25
plant_0400_severity_2.jpg,2,88.79,24.69,0.84,6.01,11
plant_0401_severity_1.jpg,1,60.97,25.62,1.42,5.75,8
plant_0402_severity_1.jpg,1,66.97,23.2,1.32,5.1,9
plant_0403_severity_0.jpg,0,56.56,21.17,1.91,6.19,5
plant_0404_severity_0.jpg,0,59.24,21.86,1.93,6.51,3
plant_0405_severity_3.jpg,3,90.08,24.87,2.94,4.47,21
plant_0406_severity_3.jpg,3,77.3,24.25,3.11,5.43,24
plant_0407_severity_3.jpg,3,93.55,24.66,3.03,4.75,12
plant_0408_severity_2.jpg,2,67.47,24.38,1.53,4.72,12
plant_0409_severity_3.jpg,3,89.52,28.21,2.44,4.15,13
plant_0410_severity_0.jpg,0,63.53,19.39,1.47,6.58,11
plant_0411_severity_3.jpg,3,93.32,24.37,3.02,4.58,32
plant_0412_severity_3.jpg,3,74.14,24.82,1.69,4.52,24
plant_0413_severity_0.jpg,0,47.37,23.26,1.86,6.04,5
plant_0414_severity_0.jpg,0,60.64,21.79,1.57,5.98,1
plant_0415_severity_1.jpg,1,63.75,20.96,2.2,6.92,8
plant_0416_severity_1.jpg,1,63.2,20.37,1.79,6.39,8
plant_0417_severity_2.jpg,2,72.63,26.88,1.07,5.31,22
plant_0418_severity_0.jpg,0,56.34,23.15,1.88,6.8,7
plant_0419_severity_2.jpg,2,83.38,24.66,0.87,6.1,15
plant_0420_severity_2.jpg,2,85.11,23.89,1.48,5.54,17
plant_0421_severity_2.jpg,2,63.4,22.09,1.16,5.41,8
plant_0422_severity_2.jpg,2,78.17,23.04,1.57,4.16,6
plant_0423_severity_3.jpg,3,88.3,23.9,2.01,4.9,28
plant_0424_severity_2.jpg,2,79.83,21.89,1.56,5.79,22
plant_0425_severity_2.jpg,2,77.19,28.01,0.56,6.46,18
plant_0426_severity_2.jpg,2,75.28,27.02,1.55,4.65,15
plant_0427_severity_0.jpg,0,48.45,21.25,1.93,6.5,5
plant_0428_severity_0.jpg,0,56.12,21.43,2.22,6.38,2
plant_0429_severity_0.jpg,0,66.47,17.66,1.75,6.43,6
plant_0430_severity_3.jpg,3,78.55,21.92,2.51,6.05,25
plant_0431_severity_3.jpg,3,87.38,26.89,2.99,5.73,24
plant_0432_severity_1.jpg,1,72.29,25.08,1.12,5.74,6
plant_0433_severity_2.jpg,2,82.1,24.19,1.21,6.29,15
plant_0434_severity_2.jpg,2,70.25,25.49,1.76,5.63,16
plant_0435_severity_3.jpg,3,80.44,23.77,2.17,5.19,34
plant_0436_severity_0.jpg,0,58.87,21.2,1.89,6.88,1
plant_0437_severity_2.jpg,2,89.34,22.39,1.31,6.25,20
plant_0438_severity_2.jpg,2,73.3,23.71,1.54,4.88,21
plant_0439_severity_2.jpg,2,64.38,25.57,1.04,6.17,12
plant_0440_severity_2.jpg,2,71.88,21.7,1.1,4.02,10
plant_0441_severity_3.jpg,3,79.88,25.84,2.61,4.0,20
plant_0442_severity_3.jpg,3,94.17,26.02,3.16,4.54,31
plant_0443_severity_2.jpg,2,73.42,22.64,1.18,5.56,17
plant_0444_severity_2.jpg,2,69.35,22.19,0.71,5.51,10
plant_0445_severity_0.jpg,0,57.48,20.09,1.85,6.03,2
plant_0446_severity_3.jpg,3,72.1,22.2,2.32,5.34,19
plant_0447_severity_3.jpg,3,68.35,25.35,2.57,5.01,27
plant_0448_severity_2.jpg,2,70.68,22.94,1.29,5.64,21
plant_0449_severity_0.jpg,0,53.91,23.02,1.72,6.44,1
plant_0450_severity_0.jpg,0,60.72,20.03,1.81,5.98,2
plant_0451_severity_2.jpg,2,68.92,21.59,1.3,5.6,17
plant_0452_severity_2.jpg,2,60.53,26.03,1.07,4.9,20
plant_0453_severity_2.jpg,2,85.46,23.16,0.9,6.67,11
plant_0454_severity_3.jpg,3,80.39,19.73,3.1,4.0,25
plant_0455_severity_0.jpg,0,50.96,21.81,1.66,6.58,9
plant_0456_severity_3.jpg,3,88.93,23.75,2.62,4.47,20
plant_0457_severity_1.jpg,1,60.81,22.63,1.42,6.24,4
plant_0458_severity_2.jpg,2,71.37,26.57,0.63,4.68,14
plant_0459_severity_2.jpg,2,69.17,22.23,0.71,5.23,12
plant_0460_severity_3.jpg,3,76.0,24.05,2.53,5.33,35
plant_0461_severity_0.jpg,0,59.94,22.93,2.21,6.59,3
plant_0462_severity_2.jpg,2,81.6,21.85,0.74,6.72,4
plant_0463_severity_0.jpg,0,61.14,18.24,2.26,6.42,5
plant_0464_severity_0.jpg,0,53.48,21.98,2.31,6.65,4
plant_0465_severity_2.jpg,2,76.83,20.63,0.5,4.74,13
plant_0466_severity_2.jpg,2,65.79,22.29,1.32,4.44,8
plant_0467_severity_2.jpg,2,62.29,22.63,0.88,5.26,16
plant_0468_severity_2.jpg,2,81.93,25.09,1.4,5.49,13
plant_0469_severity_2.jpg,2,67.16,25.43,0.78,5.63,11
plant_0470_severity_3.jpg,3,81.37,23.15,3.56,4.74,12
plant_0471_severity_1.jpg,1,58.45,20.03,1.72,5.5,8
plant_0472_severity_1.jpg,1,65.91,22.65,1.92,6.78,12
plant_0473_severity_1.jpg,1,71.5,21.55,1.48,4.32,5
plant_0474_severity_2.jpg,2,71.82,24.63,1.8,5.02,14
plant_0475_severity_2.jpg,2,74.09,19.58,1.46,7.2,11
plant_0476_severity_0.jpg,0,52.45,22.64,1.78,6.58,9
plant_0477_severity_3.jpg,3,81.96,21.56,3.28,4.93,24
plant_0478_severity_1.jpg,1,61.76,23.86,1.47,5.98,10
plant_0479_severity_3.jpg,3,74.22,26.55,2.05,5.41,25
plant_0480_severity_1.jpg,1,62.86,23.24,1.21,6.08,10
plant_0481_severity_1.jpg,1,74.32,20.79,1.97,6.03,10
plant_0482_severity_3.jpg,3,94.3,22.8,3.38,4.29,14
plant_0483_severity_2.jpg,2,74.88,23.37,0.59,4.86,16
plant_0484_severity_2.jpg,2,72.3,22.48,1.03,4.97,8
plant_0485_severity_2.jpg,2,68.73,23.14,1.09,5.24,16
plant_0486_severity_0.jpg,0,52.23,19.47,1.98,6.16,5
plant_0487_severity_1.jpg,1,57.09,23.15,1.25,6.56,8
plant_0488_severity_1.jpg,1,69.97,22.09,0.99,6.76,7
plant_0489_severity_1.jpg,1,69.12,25.05,0.84,6.05,10
plant_0490_severity_1.jpg,1,70.6,25.31,1.94,6.04,6
plant_0491_severity_1.jpg,1,58.9,24.52,1.59,5.56,9
plant_0492_severity_1.jpg,1,65.65,23.32,1.17,6.03,11
plant_0493_severity_2.jpg,2,84.7,25.74,0.96,6.19,11
plant_0494_severity_2.jpg,2,82.77,24.57,0.97,5.42,14
plant_0495_severity_2.jpg,2,69.2,23.89,1.49,5.78,8
plant_0496_severity_1.jpg,1,75.05,22.45,1.66,6.59,1
plant_0497_severity_2.jpg,2,73.68,23.73,1.06,6.39,8
plant_0498_severity_1.jpg,1,71.57,20.81,1.38,5.71,8
plant_0499_severity_2.jpg,2,82.17,26.37,1.88,5.24,17
plant_0500_severity_2.jpg,2,68.94,21.57,1.09,5.7,23
plant_0501_severity_2.jpg,2,71.52,20.14,1.42,6.32,16
plant_0502_severity_2.jpg,2,60.44,23.97,1.36,6.31,19
plant_0503_severity_2.jpg,2,91.09,25.13,0.85,5.77,2
plant_0504_severity_1.jpg,1,60.01,22.07,1.46,5.97,9
plant_0505_severity_3.jpg,3,87.03,24.84,3.93,5.77,31
plant_0506_severity_0.jpg,0,55.7,17.79,1.95,6.49,4
plant_0507_severity_1.jpg,1,59.77,24.18,1.33,5.88,3
plant_0508_severity_2.jpg,2,65.84,24.52,0.59,6.55,19
plant_0509_severity_2.jpg,2,71.96,21.73,1.36,5.79,28
plant_0510_severity_0.jpg,0,55.45,19.99,1.53,7.15,7
plant_0511_severity_1.jpg,1,69.01,18.86,2.4,5.99,9
plant_0512_severity_1.jpg,1,65.37,21.22,1.75,5.82,10
plant_0513_severity_2.jpg,2,52.15,23.33,2.05,5.55,15
plant_0514_severity_0.jpg,0,53.35,18.14,2.06,6.86,7
plant_0515_severity_2.jpg,2,68.78,20.94,0.94,4.95,14
plant_0516_severity_2.jpg,2,66.85,22.5,1.97,5.91,8
plant_0517_severity_1.jpg,1,62.03,19.56,1.65,5.79,4
plant_0518_severity_0.jpg,0,57.7,22.94,1.97,7.5,4
plant_0519_severity_0.jpg,0,57.81,18.48,2.19,6.22,1
plant_0520_severity_0.jpg,0,58.5,24.51,1.59,6.55,5
plant_0521_severity_2.jpg,2,70.45,20.59,1.06,5.55,13
plant_0522_severity_3.jpg,3,88.93,20.46,2.92,5.25,17
plant_0523_severity_3.jpg,3,65.89,21.99,1.86,4.41,34
plant_0524_severity_2.jpg,2,75.48,28.63,0.96,5.71,21
plant_0525_severity_1.jpg,1,62.5,19.85,1.95,5.71,12
plant_0526_severity_0.jpg,0,60.19,20.88,1.71,6.82,7
plant_0527_severity_3.jpg,3,89.9,23.15,2.62,5.78,29
plant_0528_severity_1.jpg,1,63.22,22.01,1.53,6.66,3
plant_0529_severity_2.jpg,2,94.6,26.49,1.07,5.07,21
plant_0530_severity_0.jpg,0,66.21,19.43,1.49,7.48,2
plant_0531_severity_2.jpg,2,87.28,22.1,0.54,5.29,14
plant_0532_severity_0.jpg,0,56.19,14.45,2.14,6.66,2
plant_0533_severity_3.jpg,3,99.0,24.6,2.6,5.17,35
plant_0534_severity_2.jpg,2,71.31,22.81,0.81,5.75,10
plant_0535_severity_2.jpg,2,69.2,21.87,1.12,5.58,11
plant_0536_severity_0.jpg,0,62.54,18.94,1.66,7.13,3
plant_0537_severity_1.jpg,1,62.95,20.76,1.4,6.9,8
plant_0538_severity_0.jpg,0,56.18,18.49,1.88,6.18,4
plant_0539_severity_2.jpg,2,77.7,21.4,1.58,5.46,12
plant_0540_severity_1.jpg,1,69.14,21.16,1.0,5.9,7
plant_0541_severity_3.jpg,3,98.29,25.45,3.42,5.34,26
plant_0542_severity_0.jpg,0,50.84,22.55,1.6,6.63,6
plant_0543_severity_3.jpg,3,93.7,21.44,1.19,4.74,18
plant_0544_severity_0.jpg,0,63.41,23.95,1.93,6.32,5
plant_0545_severity_0.jpg,0,52.28,17.64,1.54,7.02,6
plant_0546_severity_2.jpg,2,74.72,20.17,0.67,4.88,16
plant_0547_severity_3.jpg,3,99.0,23.41,2.48,4.83,32
plant_0548_severity_1.jpg,1,71.82,24.31,1.84,6.64,8
plant_0549_severity_2.jpg,2,81.36,21.32,1.73,6.37,13
plant_0550_severity_2.jpg,2,76.73,24.13,2.4,5.72,16
plant_0551_severity_2.jpg,2,68.07,24.37,1.08,5.88,7
plant_0552_severity_2.jpg,2,80.79,22.96,0.63,5.22,17
plant_0553_severity_0.jpg,0,44.98,18.53,1.72,5.94,1
plant_0554_severity_0.jpg,0,47.01,26.86,2.22,7.22,7
plant_0555_severity_1.jpg,1,72.04,20.58,1.0,5.54,8
plant_0556_severity_2.jpg,2,65.25,22.61,0.95,5.45,18
plant_0557_severity_3.jpg,3,92.84,26.78,2.39,5.04,10
plant_0558_severity_1.jpg,1,67.96,17.55,1.82,5.38,9
plant_0559_severity_0.jpg,0,50.53,25.35,1.12,7.36,11
plant_0560_severity_1.jpg,1,81.6,24.45,0.94,5.63,11
plant_0561_severity_1.jpg,1,48.18,21.67,1.19,5.53,11
plant_0562_severity_2.jpg,2,80.42,26.35,0.53,6.01,18
plant_0563_severity_1.jpg,1,69.45,21.35,1.59,5.67,6
plant_0564_severity_1.jpg,1,71.31,22.26,2.36,6.61,9
plant_0565_severity_0.jpg,0,57.19,25.96,2.25,6.93,2
plant_0566_severity_2.jpg,2,78.07,23.03,1.16,6.18,13
plant_0567_severity_0.jpg,0,49.16,26.45,2.09,6.39,1
plant_0568_severity_1.jpg,1,58.82,20.01,1.82,5.64,7
plant_0569_severity_2.jpg,2,67.84,22.26,1.44,5.46,15
plant_0570_severity_0.jpg,0,53.84,19.54,2.12,6.11,4
plant_0571_severity_0.jpg,0,47.81,13.72,1.75,7.11,1
plant_0572_severity_1.jpg,1,68.78,23.84,1.07,6.4,1
plant_0573_severity_2.jpg,2,61.85,22.13,0.99,6.29,10
plant_0574_severity_0.jpg,0,65.95,18.79,1.83,6.78,2
plant_0575_severity_1.jpg,1,64.29,24.39,1.35,6.43,9
plant_0576_severity_2.jpg,2,78.44,20.1,1.31,5.83,16
plant_0577_severity_0.jpg,0,54.03,16.26,1.24,6.09,8
plant_0578_severity_0.jpg,0,58.58,20.32,1.99,6.55,8
plant_0579_severity_2.jpg,2,84.6,23.44,0.97,4.44,18
plant_0580_severity_3.jpg,3,75.85,24.56,1.44,4.13,27
plant_0581_severity_1.jpg,1,64.28,20.44,1.15,6.15,3
plant_0582_severity_3.jpg,3,88.83,23.59,2.52,5.52,21
plant_0583_severity_3.jpg,3,95.69,23.67,2.73,5.47,14
plant_0584_severity_3.jpg,3,82.6,21.9,2.18,5.17,34
plant_0585_severity_2.jpg,2,70.3,24.49,1.26,5.5,13
plant_0586_severity_2.jpg,2,61.73,21.31,0.97,5.79,20
plant_0587_severity_2.jpg,2,73.59,23.69,1.17,4.73,22
plant_0588_severity_0.jpg,0,60.89,21.11,1.51,6.39,1
plant_0589_severity_0.jpg,0,55.58,18.39,1.53,7.17,5
plant_0590_severity_3.jpg,3,81.68,23.79,2.4,4.92,30
plant_0591_severity_0.jpg,0,56.34,20.21,1.49,6.32,6
plant_0592_severity_1.jpg,1,52.24,25.44,1.72,6.49,5
plant_0593_severity_0.jpg,0,50.52,21.19,2.41,6.39,1
plant_0594_severity_3.jpg,3,86.58,23.56,2.05,4.0,25
plant_0595_severity_0.jpg,0,54.3,20.32,1.99,6.33,5
plant_0596_severity_2.jpg,2,87.47,21.94,1.6,4.48,16
plant_0597_severity_2.jpg,2,76.62,20.39,1.09,5.13,7
plant_0598_severity_1.jpg,1,58.08,20.24,1.11,5.78,7
plant_0599_severity_2.jpg,2,82.09,19.36,0.59,6.14,13
plant_0600_severity_1.jpg,1,73.39,24.14,1.75,6.6,8
plant_0601_severity_1.jpg,1,66.27,25.58,1.69,5.88,6
plant_0602_severity_3.jpg,3,87.17,21.99,3.33,4.16,25
plant_0603_severity_2.jpg,2,91.43,21.12,1.85,5.51,12
plant_0604_severity_0.jpg,0,62.25,19.1,1.82,5.97,3
plant_0605_severity_1.jpg,1,64.53,23.1,1.45,6.56,8
plant_0606_severity_0.jpg,0,55.31,18.56,1.84,6.71,5
plant_0607_severity_3.jpg,3,83.24,23.4,2.03,4.7,34
plant_0608_severity_0.jpg,0,44.41,19.22,1.76,6.12,5
plant_0609_severity_3.jpg,3,85.0,25.2,2.59,4.63,13
plant_0610_severity_0.jpg,0,56.28,21.39,1.77,6.38,3
plant_0611_severity_2.jpg,2,84.56,26.33,0.6,4.92,16
plant_0612_severity_3.jpg,3,85.14,26.4,2.6,4.81,26
plant_0613_severity_0.jpg,0,54.33,22.62,1.36,7.5,1
plant_0614_severity_0.jpg,0,59.46,19.91,1.3,6.56,2
plant_0615_severity_2.jpg,2,64.5,17.93,0.64,6.36,8
plant_0616_severity_3.jpg,3,95.7,23.36,2.91,5.78,35
plant_0617_severity_0.jpg,0,52.29,22.13,2.3,7.12,11
plant_0618_severity_2.jpg,2,79.05,28.21,1.54,4.82,16
plant_0619_severity_0.jpg,0,60.18,17.53,1.64,6.07,6
plant_0620_severity_2.jpg,2,66.24,26.28,1.28,6.02,22
plant_0621_severity_3.jpg,3,93.44,24.31,3.05,4.02,33
plant_0622_severity_3.jpg,3,99.0,23.62,3.08,5.82,23
plant_0623_severity_2.jpg,2,70.35,22.45,2.04,4.88,18
plant_0624_severity_0.jpg,0,50.97,24.23,1.32,6.02,8
plant_0625_severity_0.jpg,0,50.66,19.75,1.72,5.32,5
plant_0626_severity_1.jpg,1,61.84,22.72,1.34,4.63,9
plant_0627_severity_1.jpg,1,71.32,22.3,1.14,6.66,6
plant_0628_severity_1.jpg,1,72.45,21.7,1.91,6.06,5
plant_0629_severity_3.jpg,3,96.73,26.86,2.0,5.47,21
plant_0630_severity_0.jpg,0,53.26,16.63,1.75,7.07,5
plant_0631_severity_0.jpg,0,54.37,23.12,1.84,7.17,9
plant_0632_severity_3.jpg,3,65.09,21.81,2.3,5.64,19
plant_0633_severity_0.jpg,0,58.53,17.1,1.58,6.92,5
plant_0634_severity_1.jpg,1,72.69,22.99,1.62,5.55,4
plant_0635_severity_2.jpg,2,77.97,21.79,0.8,4.89,9
plant_0636_severity_0.jpg,0,52.13,18.82,1.79,5.79,6
plant_0637_severity_3.jpg,3,75.72,26.46,2.09,4.77,35
plant_0638_severity_0.jpg,0,66.03,21.98,2.12,7.05,5
plant_0639_severity_1.jpg,1,63.53,22.72,1.97,6.42,8
plant_0640_severity_0.jpg,0,56.89,21.4,2.01,6.95,4
plant_0641_severity_1.jpg,1,69.85,21.34,1.42,5.99,13
plant_0642_severity_0.jpg,0,58.8,21.59,1.87,6.28,5
plant_0643_severity_1.jpg,1,62.54,21.33,1.25,6.23,8
plant_0644_severity_0.jpg,0,52.59,17.6,2.11,6.76,6
plant_0645_severity_2.jpg,2,67.12,22.26,1.59,5.93,14
plant_0646_severity_2.jpg,2,63.83,23.06,1.55,5.76,11
plant_0647_severity_1.jpg,1,69.95,20.23,1.42,5.41,7
plant_0648_severity_0.jpg,0,50.13,20.01,1.91,7.04,2
plant_0649_severity_2.jpg,2,89.61,25.04,1.42,4.53,13
plant_0650_severity_3.jpg,3,75.5,22.12,1.5,6.01,21
plant_0651_severity_2.jpg,2,84.33,23.64,0.71,5.54,20
plant_0652_severity_0.jpg,0,52.39,19.26,2.13,6.34,5
plant_0653_severity_0.jpg,0,52.74,18.63,1.17,5.87,7
plant_0654_severity_1.jpg,1,81.25,24.3,1.97,6.15,7
plant_0655_severity_3.jpg,3,89.51,22.8,2.11,5.5,22
plant_0656_severity_1.jpg,1,62.11,22.61,1.1,7.09,5
plant_0657_severity_0.jpg,0,61.73,19.33,1.61,6.44,4
plant_0658_severity_2.jpg,2,82.71,25.32,0.75,4.81,14
plant_0659_severity_2.jpg,2,83.61,22.23,1.41,4.59,11
plant_0660_severity_0.jpg,0,54.95,20.52,1.98,6.53,3
plant_0661_severity_3.jpg,3,77.02,20.98,2.88,4.0,24
plant_0662_severity_2.jpg,2,75.35,23.39,1.27,6.09,23
plant_0663_severity_2.jpg,2,73.63,22.0,1.2,5.54,17
plant_0664_severity_2.jpg,2,75.77,20.44,0.5,5.98,10
plant_0665_severity_2.jpg,2,68.19,20.66,1.7,5.58,20
plant_0666_severity_0.jpg,0,58.81,13.85,2.07,6.12,1
plant_0667_severity_2.jpg,2,82.0,25.86,1.03,5.1,17
plant_0668_severity_1.jpg,1,75.42,23.72,1.74,6.79,2
plant_0669_severity_0.jpg,0,51.6,19.57,1.91,6.22,6
plant_0670_severity_2.jpg,2,64.97,23.8,0.53,5.04,13
plant_0671_severity_1.jpg,1,71.13,24.85,1.52,5.63,13
plant_0672_severity_2.jpg,2,69.64,21.57,0.95,5.6,17
plant_0673_severity_1.jpg,1,62.07,22.69,1.47,5.74,10
plant_0674_severity_0.jpg,0,53.35,17.33,1.72,7.31,6
plant_0675_severity_0.jpg,0,51.92,20.85,1.53,5.9,9
plant_0676_severity_0.jpg,0,46.76,18.75,1.35,6.63,1
plant_0677_severity_2.jpg,2,81.26,22.63,1.28,5.71,16
plant_0678_severity_1.jpg,1,72.2,20.23,1.31,5.61,5
plant_0679_severity_2.jpg,2,69.3,25.13,1.37,6.84,16
plant_0680_severity_3.jpg,3,89.45,25.13,1.95,6.23,16
plant_0681_severity_0.jpg,0,62.05,18.41,1.57,7.22,7
plant_0682_severity_3.jpg,3,77.45,25.08,2.08,5.04,22
plant_0683_severity_2.jpg,2,67.74,23.44,1.2,5.8,16
plant_0684_severity_1.jpg,1,64.74,23.06,1.88,5.43,3
plant_0685_severity_3.jpg,3,55.75,21.33,2.64,4.0,24
plant_0686_severity_2.jpg,2,74.82,22.53,1.04,5.82,15
plant_0687_severity_3.jpg,3,63.65,22.69,2.96,4.36,9
plant_0688_severity_1.jpg,1,65.69,22.76,1.81,5.87,8
plant_0689_severity_2.jpg,2,72.72,22.1,1.17,5.8,16
plant_0690_severity_2.jpg,2,69.62,23.7,0.7,5.79,13
plant_0691_severity_3.jpg,3,96.33,26.18,2.78,4.81,29
plant_0692_severity_0.jpg,0,53.76,21.78,1.69,6.22,8
plant_0693_severity_2.jpg,2,82.93,23.66,1.11,6.02,14
plant_0694_severity_1.jpg,1,70.63,22.14,2.11,5.7,11
plant_0695_severity_2.jpg,2,68.52,23.75,1.03,4.22,13
plant_0696_severity_0.jpg,0,47.17,17.75,2.04,6.58,4
plant_0697_severity_2.jpg,2,88.87,26.4,1.75,6.14,21
plant_0698_severity_2.jpg,2,76.39,24.21,1.4,6.46,22
plant_0699_severity_2.jpg,2,79.1,20.24,0.76,5.16,12
plant_0700_severity_1.jpg,1,50.84,24.56,1.59,7.06,6
plant_0701_severity_0.jpg,0,57.29,27.36,1.56,6.91,6
plant_0702_severity_1.jpg,1,56.57,18.55,1.33,5.72,6
plant_0703_severity_0.jpg,0,50.36,23.89,1.65,6.6,7
plant_0704_severity_2.jpg,2,73.97,23.62,1.25,4.72,17
plant_0705_severity_0.jpg,0,59.51,14.5,1.9,7.1,5
plant_0706_severity_1.jpg,1,64.46,22.69,1.31,6.22,6
plant_0707_severity_0.jpg,0,49.09,16.27,1.38,6.62,1
plant_0708_severity_3.jpg,3,85.3,20.44,2.84,6.84,28
plant_0709_severity_2.jpg,2,80.21,26.45,2.0,6.25,12
plant_0710_severity_0.jpg,0,62.77,15.8,1.83,6.19,7
plant_0711_severity_0.jpg,0,63.24,17.19,1.94,6.1,5
plant_0712_severity_2.jpg,2,69.89,24.3,1.4,5.19,22
plant_0713_severity_1.jpg,1,73.09,22.75,1.2,5.65,8
plant_0714_severity_0.jpg,0,50.67,16.91,1.58,7.49,7
plant_0715_severity_0.jpg,0,60.38,21.91,2.0,5.97,3
plant_0716_severity_1.jpg,1,72.45,23.83,1.26,6.75,7
plant_0717_severity_3.jpg,3,73.2,25.38,2.72,4.39,29
plant_0718_severity_0.jpg,0,53.38,21.28,2.0,6.49,5
plant_0719_severity_2.jpg,2,66.33,22.87,1.8,5.53,18
plant_0720_severity_0.jpg,0,47.95,18.8,1.14,6.69,1
plant_0721_severity_2.jpg,2,76.84,23.32,1.03,5.28,9
plant_0722_severity_0.jpg,0,52.21,23.08,1.91,6.16,6
plant_0723_severity_0.jpg,0,65.72,19.09,1.34,5.87,6
plant_0724_severity_2.jpg,2,83.11,22.48,1.41,5.6,11
plant_0725_severity_2.jpg,2,79.08,17.77,2.14,5.81,15
plant_0726_severity_0.jpg,0,44.46,18.97,1.29,6.7,7
plant_0727_severity_2.jpg,2,82.85,23.96,1.07,6.44,23
plant_0728_severity_0.jpg,0,56.84,16.88,1.68,5.71,2
plant_0729_severity_0.jpg,0,58.84,21.85,1.76,6.44,2
plant_0730_severity_3.jpg,3,84.5,21.94,3.61,4.26,22
plant_0731_severity_2.jpg,2,66.59,20.98,0.5,6.07,16
plant_0732_severity_0.jpg,0,61.07,20.09,1.77,6.76,3
plant_0733_severity_2.jpg,2,76.65,22.85,1.14,5.63,13
plant_0734_severity_0.jpg,0,58.34,22.88,1.76,6.53,2
plant_0735_severity_0.jpg,0,48.43,16.39,1.5,7.16,6
plant_0736_severity_1.jpg,1,71.81,23.92,2.15,6.02,4
plant_0737_severity_2.jpg,2,79.05,21.62,1.72,6.08,25
plant_0738_severity_1.jpg,1,62.86,17.96,1.39,6.45,10
plant_0739_severity_2.jpg,2,71.68,21.58,1.15,5.6,17
plant_0740_severity_0.jpg,0,62.36,18.99,1.93,6.91,1
plant_0741_severity_2.jpg,2,85.99,24.7,1.27,5.42,23
plant_0742_severity_1.jpg,1,64.36,22.44,1.34,5.0,9
plant_0743_severity_2.jpg,2,65.67,24.11,1.03,4.86,15
plant_0744_severity_0.jpg,0,68.72,19.36,1.32,6.94,7
plant_0745_severity_2.jpg,2,74.05,19.59,1.36,6.62,8
plant_0746_severity_3.jpg,3,72.65,22.01,2.97,4.0,23
plant_0747_severity_0.jpg,0,63.34,17.12,1.96,5.83,5
plant_0748_severity_2.jpg,2,69.97,23.16,0.5,5.36,26
plant_0749_severity_1.jpg,1,74.4,23.66,2.1,5.12,5
plant_0750_severity_0.jpg,0,48.22,19.64,1.82,6.87,2
plant_0751_severity_1.jpg,1,61.67,22.69,2.17,6.83,10
plant_0752_severity_0.jpg,0,52.35,16.4,1.65,6.49,3
plant_0753_severity_0.jpg,0,42.07,19.6,1.79,7.19,5
plant_0754_severity_3.jpg,3,92.24,20.0,3.88,5.39,29
plant_0755_severity_3.jpg,3,83.21,23.85,2.28,4.32,28
plant_0756_severity_2.jpg,2,67.72,23.66,1.34,5.72,27
plant_0757_severity_3.jpg,3,92.9,24.86,1.86,5.97,20
plant_0758_severity_2.jpg,2,69.3,24.54,1.08,6.02,29
plant_0759_severity_2.jpg,2,71.87,22.3,0.94,6.4,16
plant_0760_severity_3.jpg,3,79.08,26.51,2.09,4.55,22
plant_0761_severity_1.jpg,1,73.52,28.12,1.32,5.58,9
plant_0762_severity_0.jpg,0,46.68,18.1,0.89,7.04,5
plant_0763_severity_0.jpg,0,55.91,18.94,1.88,6.87,6
plant_0764_severity_1.jpg,1,59.08,21.62,1.42,6.42,11
plant_0765_severity_0.jpg,0,56.57,23.94,2.18,6.19,1
plant_0766_severity_2.jpg,2,80.93,22.24,0.5,6.49,19
plant_0767_severity_2.jpg,2,68.47,26.88,0.71,6.18,12
plant_0768_severity_3.jpg,3,80.95,28.38,3.08,4.09,26
plant_0769_severity_0.jpg,0,48.61,26.78,1.95,6.66,4
plant_0770_severity_0.jpg,0,53.83,15.13,1.95,6.28,5
plant_0771_severity_3.jpg,3,85.56,22.18,2.54,4.0,25
plant_0772_severity_0.jpg,0,41.27,21.04,2.6,5.98,7
plant_0773_severity_2.jpg,2,89.31,24.71,0.8,6.31,11
plant_0774_severity_1.jpg,1,47.21,20.29,1.42,6.14,10
plant_0775_severity_1.jpg,1,63.94,23.19,1.4,5.59,8
plant_0776_severity_1.jpg,1,60.21,21.57,0.7,6.68,10
plant_0777_severity_3.jpg,3,76.45,24.3,2.85,4.29,24
plant_0778_severity_0.jpg,0,51.61,17.4,2.4,5.92,8
plant_0779_severity_0.jpg,0,57.74,18.29,1.55,7.48,5
plant_0780_severity_0.jpg,0,61.81,13.69,2.1,5.98,1
plant_0781_severity_3.jpg,3,85.36,22.64,3.35,4.36,35
plant_0782_severity_2.jpg,2,77.03,24.13,1.17,6.2,19
plant_0783_severity_1.jpg,1,60.58,20.58,1.12,6.22,12
plant_0784_severity_1.jpg,1,79.07,23.68,1.88,5.23,11
plant_0785_severity_2.jpg,2,84.59,20.77,0.84,5.48,22
plant_0786_severity_1.jpg,1,61.36,22.43,1.35,5.13,11
plant_0787_severity_1.jpg,1,84.81,22.85,1.64,6.13,6
plant_0788_severity_1.jpg,1,69.33,24.04,1.68,5.89,8
plant_0789_severity_3.jpg,3,77.43,23.99,2.94,5.49,30
plant_0790_severity_3.jpg,3,87.12,24.16,1.67,5.42,34
plant_0791_severity_3.jpg,3,85.53,29.55,3.06,5.32,23
plant_0792_severity_3.jpg,3,81.58,24.07,2.11,4.19,29
plant_0793_severity_0.jpg,0,48.65,18.54,1.41,6.35,1
plant_0794_severity_3.jpg,3,88.24,25.93,2.33,5.87,34
plant_0795_severity_2.jpg,2,78.12,23.59,0.6,4.63,13
plant_0796_severity_0.jpg,0,51.97,23.73,2.54,6.6,5
plant_0797_severity_3.jpg,3,81.42,25.19,2.45,5.25,27
plant_0798_severity_2.jpg,2,62.81,25.86,1.01,5.36,17
plant_0799_severity_2.jpg,2,75.16,24.23,1.41,4.28,15
plant_0800_severity_0.jpg,0,60.27,21.29,1.46,5.9,3
plant_0801_severity_3.jpg,3,78.86,21.79,2.82,4.61,26
plant_0802_severity_2.jpg,2,68.3,24.11,0.68,4.99,18
plant_0803_severity_0.jpg,0,52.5,19.19,1.43,5.3,1
plant_0804_severity_1.jpg,1,68.55,23.94,1.55,5.75,11
plant_0805_severity_2.jpg,2,82.84,20.33,0.84,6.16,17
plant_0806_severity_2.jpg,2,72.82,25.73,1.55,5.26,13
plant_0807_severity_1.jpg,1,63.74,22.43,2.16,5.44,3
plant_0808_severity_3.jpg,3,85.33,24.96,2.48,5.26,22
plant_0809_severity_0.jpg,0,54.38,17.79,1.71,6.13,2
plant_0810_severity_3.jpg,3,84.03,28.12,2.84,4.66,35
plant_0811_severity_0.jpg,0,57.3,21.99,2.18,6.44,8
plant_0812_severity_2.jpg,2,71.98,24.2,1.23,6.05,10
plant_0813_severity_2.jpg,2,82.48,18.64,1.29,6.43,15
plant_0814_severity_1.jpg,1,87.66,23.03,1.26,5.48,8
plant_0815_severity_3.jpg,3,86.4,23.83,1.86,5.94,24
plant_0816_severity_0.jpg,0,46.88,17.95,1.79,6.43,2
plant_0817_severity_2.jpg,2,72.33,20.44,1.29,5.68,17
plant_0818_severity_1.jpg,1,62.78,21.9,1.31,6.49,7
plant_0819_severity_0.jpg,0,46.31,22.5,1.83,6.23,1
plant_0820_severity_3.jpg,3,84.57,26.05,2.32,5.42,18
plant_0821_severity_3.jpg,3,87.08,20.47,2.06,5.1,26
plant_0822_severity_1.jpg,1,68.44,19.57,1.7,5.25,7
plant_0823_severity_0.jpg,0,57.72,15.49,1.97,6.67,4
plant_0824_severity_1.jpg,1,69.96,22.2,1.67,5.77,7
plant_0825_severity_1.jpg,1,60.78,20.03,0.66,6.35,6
plant_0826_severity_0.jpg,0,52.37,21.72,1.59,6.65,3
plant_0827_severity_0.jpg,0,51.84,13.04,1.3,6.34,11
plant_0828_severity_2.jpg,2,80.62,28.88,1.28,4.14,22
plant_0829_severity_2.jpg,2,74.31,22.96,2.08,5.46,18
plant_0830_severity_3.jpg,3,75.88,22.53,3.34,4.16,30
plant_0831_severity_1.jpg,1,69.94,20.77,1.69,4.85,9
plant_0832_severity_0.jpg,0,45.59,20.59,1.6,7.26,5
plant_0833_severity_2.jpg,2,70.27,23.72,0.79,5.14,13
plant_0834_severity_1.jpg,1,72.95,20.28,1.3,6.81,12
plant_0835_severity_2.jpg,2,72.82,20.9,1.67,5.84,17
plant_0836_severity_1.jpg,1,60.19,20.71,1.11,5.34,9
plant_0837_severity_1.jpg,1,65.43,21.3,1.39,5.61,9
plant_0838_severity_1.jpg,1,76.02,19.98,1.22,6.26,8
plant_0839_severity_1.jpg,1,61.82,20.95,1.37,6.95,7
plant_0840_severity_2.jpg,2,81.87,22.98,1.36,5.44,15
plant_0841_severity_2.jpg,2,72.31,20.38,1.78,5.52,22
plant_0842_severity_1.jpg,1,65.54,20.37,1.54,6.26,9
plant_0843_severity_0.jpg,0,47.45,19.8,1.0,6.25,1
plant_0844_severity_3.jpg,3,87.72,22.18,3.08,4.09,25
plant_0845_severity_2.jpg,2,69.71,25.61,1.34,6.01,1
plant_0846_severity_2.jpg,2,68.47,22.82,1.71,5.42,12
plant_0847_severity_2.jpg,2,74.56,22.55,1.06,6.33,12
plant_0848_severity_2.jpg,2,58.9,18.9,1.35,5.65,15
plant_0849_severity_2.jpg,2,75.87,26.04,1.45,6.43,19
plant_0850_severity_0.jpg,0,44.83,26.57,1.91,7.15,4
plant_0851_severity_3.jpg,3,82.74,23.4,2.87,4.95,23
plant_0852_severity_1.jpg,1,73.28,22.38,1.13,6.72,8
plant_0853_severity_0.jpg,0,57.94,19.71,1.52,6.64,4
plant_0854_severity_0.jpg,0,54.68,23.1,1.2,6.86,1
plant_0855_severity_0.jpg,0,48.82,23.14,2.16,5.47,4
plant_0856_severity_3.jpg,3,83.38,27.39,2.25,4.6,18
plant_0857_severity_0.jpg,0,55.74,20.35,1.82,7.5,4
plant_0858_severity_0.jpg,0,54.7,17.86,2.11,5.88,7
plant_0859_severity_0.jpg,0,55.32,25.77,1.73,5.66,1
plant_0860_severity_0.jpg,0,49.73,20.6,1.77,6.6,5
plant_0861_severity_2.jpg,2,64.81,23.78,1.53,6.19,9
plant_0862_severity_3.jpg,3,79.74,23.07,2.39,5.41,21
plant_0863_severity_2.jpg,2,74.43,20.98,1.15,5.05,9
plant_0864_severity_0.jpg,0,48.06,19.25,1.64,6.03,5
plant_0865_severity_1.jpg,1,70.31,25.61,0.83,5.47,8
plant_0866_severity_0.jpg,0,59.21,18.68,1.66,6.26,6
plant_0867_severity_2.jpg,2,69.14,21.35,2.3,5.62,12
plant_0868_severity_3.jpg,3,94.84,23.33,3.93,5.03,18
plant_0869_severity_2.jpg,2,76.34,22.72,1.67,6.68,7
plant_0870_severity_1.jpg,1,71.29,24.73,1.42,6.57,7
plant_0871_severity_2.jpg,2,87.15,24.12,1.24,5.61,12
plant_0872_severity_3.jpg,3,70.88,21.58,2.21,5.97,27
plant_0873_severity_3.jpg,3,76.26,25.02,2.32,5.3,27
plant_0874_severity_3.jpg,3,89.9,24.23,2.97,4.56,25
plant_0875_severity_2.jpg,2,81.56,25.32,1.25,6.28,20
plant_0876_severity_1.jpg,1,60.0,21.98,1.8,5.33,10
plant_0877_severity_2.jpg,2,74.2,26.15,1.94,5.32,17
plant_0878_severity_3.jpg,3,89.4,26.78,2.23,5.21,20
plant_0879_severity_0.jpg,0,49.55,21.12,1.4,5.99,3
plant_0880_severity_2.jpg,2,67.76,21.71,0.91,5.06,14
plant_0881_severity_2.jpg,2,79.81,19.61,1.27,5.27,17
plant_0882_severity_0.jpg,0,56.87,17.88,1.7,6.72,4
plant_0883_severity_3.jpg,3,97.1,24.83,2.31,4.89,21
plant_0884_severity_2.jpg,2,66.92,24.17,0.5,4.94,16
plant_0885_severity_2.jpg,2,76.63,24.9,0.82,5.82,14
plant_0886_severity_2.jpg,2,68.13,25.17,0.89,5.57,23
plant_0887_severity_0.jpg,0,53.77,24.59,1.91,4.88,6
plant_0888_severity_0.jpg,0,47.35,23.12,1.49,6.99,5
plant_0889_severity_2.jpg,2,73.46,21.95,1.0,5.47,23
plant_0890_severity_2.jpg,2,69.99,22.95,0.87,5.71,5
plant_0891_severity_3.jpg,3,97.52,27.42,2.18,5.45,14
plant_0892_severity_3.jpg,3,93.84,25.12,2.5,4.69,30
plant_0893_severity_3.jpg,3,99.0,23.13,2.45,5.36,25
plant_0894_severity_2.jpg,2,79.47,21.68,0.58,6.63,19
plant_0895_severity_1.jpg,1,73.75,23.15,1.83,6.63,7
plant_0896_severity_1.jpg,1,61.96,21.94,1.64,4.8,7
plant_0897_severity_0.jpg,0,54.75,20.58,1.61,6.07,1
plant_0898_severity_3.jpg,3,82.41,23.96,3.26,6.08,30
plant_0899_severity_2.jpg,2,78.04,21.31,0.7,5.25,12
plant_0900_severity_3.jpg,3,90.34,24.54,2.61,5.44,18
plant_0901_severity_2.jpg,2,73.82,24.8,1.18,6.27,1
plant_0902_severity_2.jpg,2,69.85,19.98,1.16,5.64,18
plant_0903_severity_3.jpg,3,82.18,24.63,3.07,5.25,26
plant_0904_severity_0.jpg,0,53.94,14.73,1.84,7.01,1
plant_0905_severity_1.jpg,1,70.35,21.14,1.1,5.81,4
plant_0906_severity_0.jpg,0,60.46,17.2,1.81,6.21,2
plant_0907_severity_2.jpg,2,72.19,22.33,0.94,4.98,10
plant_0908_severity_2.jpg,2,76.45,23.05,1.57,6.33,18
plant_0909_severity_2.jpg,2,70.38,23.21,0.68,5.27,14
plant_0910_severity_1.jpg,1,73.71,23.96,1.54,5.83,3
plant_0911_severity_3.jpg,3,97.29,24.2,3.18,4.03,29
plant_0912_severity_3.jpg,3,73.72,21.22,1.82,5.42,29
plant_0913_severity_1.jpg,1,63.75,20.63,1.78,5.9,9
plant_0914_severity_1.jpg,1,77.96,24.85,1.27,5.26,9
plant_0915_severity_2.jpg,2,89.43,24.29,0.5,4.5,7
plant_0916_severity_1.jpg,1,79.72,25.93,1.47,5.51,9
plant_0917_severity_3.jpg,3,99.0,23.25,2.43,4.0,25
plant_0918_severity_3.jpg,3,92.72,25.28,2.06,5.8,28
plant_0919_severity_0.jpg,0,55.76,24.83,2.02,6.32,6
plant_0920_severity_1.jpg,1,64.43,20.68,1.25,5.85,4
plant_0921_severity_1.jpg,1,63.82,23.75,1.37,6.17,12
plant_0922_severity_3.jpg,3,82.98,23.48,2.94,5.19,27
plant_0923_severity_0.jpg,0,47.34,16.68,1.65,5.74,6
plant_0924_severity_3.jpg,3,86.58,26.18,2.12,5.41,29
plant_0925_severity_1.jpg,1,67.69,20.95,1.47,5.19,3
plant_0926_severity_3.jpg,3,74.7,22.06,2.25,5.65,26
plant_0927_severity_3.jpg,3,72.49,21.17,3.2,5.56,23
plant_0928_severity_2.jpg,2,75.77,22.09,0.98,5.16,17
plant_0929_severity_3.jpg,3,88.79,22.94,2.27,4.66,13
plant_0930_severity_1.jpg,1,60.17,25.1,1.56,5.74,13
plant_0931_severity_2.jpg,2,76.22,21.7,1.43,7.15,18
plant_0932_severity_3.jpg,3,81.21,22.96,3.08,5.06,23
plant_0933_severity_3.jpg,3,84.31,21.62,2.16,5.81,32
plant_0934_severity_2.jpg,2,83.27,23.16,1.35,6.73,12
plant_0935_severity_2.jpg,2,69.78,22.57,0.84,5.24,16
plant_0936_severity_0.jpg,0,65.38,24.56,2.02,6.33,2
plant_0937_severity_1.jpg,1,52.89,20.25,1.21,6.11,9
plant_0938_severity_3.jpg,3,80.49,23.35,1.2,5.51,12
plant_0939_severity_2.jpg,2,88.79,26.05,1.03,5.35,14
plant_0940_severity_2.jpg,2,71.28,22.94,0.5,4.91,10
plant_0941_severity_2.jpg,2,85.97,25.02,1.58,6.17,15
plant_0942_severity_3.jpg,3,81.75,24.79,1.88,5.87,31
plant_0943_severity_0.jpg,0,49.16,17.11,1.59,6.25,9
plant_0944_severity_2.jpg,2,72.27,24.24,1.51,6.09,15
plant_0945_severity_0.jpg,0,61.67,23.61,2.08,6.92,7
plant_0946_severity_2.jpg,2,60.73,24.31,0.81,4.66,18
plant_0947_severity_2.jpg,2,72.52,20.99,1.01,4.91,15
plant_0948_severity_3.jpg,3,62.53,20.16,2.32,6.45,25
plant_0949_severity_1.jpg,1,64.68,19.65,1.32,7.1,14
plant_0950_severity_3.jpg,3,99.0,22.54,2.13,4.58,21
plant_0951_severity_1.jpg,1,76.64,22.73,2.03,6.05,9
plant_0952_severity_3.jpg,3,87.1,24.43,3.14,4.0,21
plant_0953_severity_0.jpg,0,52.6,19.2,1.61,5.95,8
plant_0954_severity_2.jpg,2,77.8,23.21,1.68,4.91,6
plant_0955_severity_1.jpg,1,61.14,22.73,1.26,6.37,5
plant_0956_severity_1.jpg,1,62.08,22.69,2.39,4.05,5
plant_0957_severity_0.jpg,0,56.16,13.77,2.28,6.83,6
plant_0958_severity_2.jpg,2,83.61,25.44,0.84,4.86,13
plant_0959_severity_0.jpg,0,48.83,16.14,1.91,6.54,1
plant_0960_severity_3.jpg,3,99.0,21.09,2.58,5.07,35
plant_0961_severity_1.jpg,1,60.27,20.5,0.87,6.73,11
plant_0962_severity_2.jpg,2,74.83,23.43,1.3,6.54,10
plant_0963_severity_2.jpg,2,83.56,22.37,0.92,4.44,8
plant_0964_severity_0.jpg,0,59.47,25.98,1.3,5.88,3
plant_0965_severity_1.jpg,1,53.08,23.4,1.72,5.47,10
plant_0966_severity_3.jpg,3,88.89,20.94,3.43,5.23,12
plant_0967_severity_1.jpg,1,73.06,19.78,1.27,5.93,8
plant_0968_severity_3.jpg,3,95.09,26.73,2.9,5.09,31
plant_0969_severity_3.jpg,3,82.93,24.87,2.66,4.03,21
plant_0970_severity_2.jpg,2,84.84,20.66,0.57,4.61,21
plant_0971_severity_0.jpg,0,53.26,21.69,1.82,6.47,2
plant_0972_severity_2.jpg,2,71.41,21.44,1.83,5.61,19
plant_0973_severity_2.jpg,2,88.65,25.75,0.73,5.18,18
plant_0974_severity_2.jpg,2,74.08,24.73,1.25,5.11,14
plant_0975_severity_2.jpg,2,62.79,20.81,1.23,6.43,25
plant_0976_severity_1.jpg,1,62.74,21.29,1.46,6.39,13
plant_0977_severity_3.jpg,3,86.65,27.73,3.0,5.93,13
plant_0978_severity_0.jpg,0,54.6,23.32,1.76,6.02,6
plant_0979_severity_0.jpg,0,60.61,13.95,1.9,5.99,6
plant_0980_severity_0.jpg,0,48.3,17.49,2.02,6.35,7
plant_0981_severity_1.jpg,1,67.24,21.74,1.06,6.32,5
plant_0982_severity_1.jpg,1,69.81,23.48,1.25,6.57,6
plant_0983_severity_0.jpg,0,52.41,19.16,1.46,6.27,5
plant_0984_severity_1.jpg,1,60.54,22.51,1.24,6.07,8
plant_0985_severity_2.jpg,2,63.76,17.84,0.88,5.62,13
plant_0986_severity_0.jpg,0,50.32,21.92,2.05,7.18,7
plant_0987_severity_2.jpg,2,82.7,22.7,1.71,4.86,7
plant_0988_severity_1.jpg,1,63.73,20.52,1.34,6.43,11
plant_0989_severity_3.jpg,3,93.48,22.84,2.63,5.52,23
plant_0990_severity_1.jpg,1,66.13,21.41,0.97,6.12,12
plant_0991_severity_2.jpg,2,81.94,23.85,1.8,4.88,24
plant_0992_severity_2.jpg,2,75.07,24.78,1.53,5.84,13
plant_0993_severity_0.jpg,0,61.4,23.8,1.6,6.67,7
plant_0994_severity_3.jpg,3,95.1,21.36,1.96,4.64,21
plant_0995_severity_0.jpg,0,58.36,19.4,1.81,6.63,4
plant_0996_severity_2.jpg,2,91.4,20.71,1.59,5.33,14
plant_0997_severity_1.jpg,1,68.72,21.63,1.58,5.52,7
plant_0998_severity_2.jpg,2,79.9,22.26,1.85,6.03,15
plant_0999_severity_2.jpg,2,79.52,20.36,1.63,5.68,13
